{"1": 101.59999999999991, "2": 2.5000000000000013, "3": -5.500000000000005, "4": 0.4999999999999999}