{"1": 201.62257851323247, "2": 0.6791181713690513, "3": 0.380917438662304, "4": 7.076734927422352}