{"1": 181.11806738714296, "2": 1.0166637069136018, "3": -9.733821729812316, "4": 9.675146202882745, "5": -2.1586043313125884}