{"1": 184.3865360629929, "2": -2.1096275374118987, "3": -6.681857303006105, "4": 7.895263336944232, "5": 2.3408327725224183}