{"1": 192.82550889458014, "2": 4.9975707188562035, "3": -15.863253070815873, "4": 16.975494168608478, "5": -5.1564459624823975}